{"time":900,"averageX":56.85175061818924,"diaspora":3.557504964475005,"propabilities":[7.886618791064909e-34,1.4302049220889939e-36,3.219321346024251e-35,3.6738712004697166e-34,1.4508391707806021e-33,4.64207004850088e-34,2.484581375171401e-34,4.0322441352521445e-32,2.5721565754762115e-34,3.945318063039953e-33,2.0433639263764602e-32,3.091963182071278e-33,4.639787651820633e-33,2.1739618809240743e-32,3.221154989285022e-32,1.715356959508985e-33,1.2853097061801863e-32,3.141948514309918e-32,4.879970664991279e-31,1.761626735030853e-29,4.8966983968074195e-28,1.2852349716751461e-26,3.184339070749906e-25,7.367980708914871e-24,1.583780538973367e-22,3.145279299873741e-21,5.740174711351564e-20,9.577279368239817e-19,1.454312591974384e-17,2.0026135204347173e-16,2.494005681845403e-15,2.8040757179832814e-14,2.843473217897801e-13,2.5997548450989925e-12,2.1434592794835074e-11,1.594544053914399e-10,1.071154379661129e-9,6.5042607252176766e-9,3.574066656467663e-8,1.7793699854220859e-7,8.036099099798946e-7,0.000003296414666525372,0.000012296912422356273,0.00004176774714627926,0.00012933000242334262,0.00036549437783576903,0.0009438031137333007,0.002229375201068383,0.004822289991162735,0.009561918417538505,0.01739793554908821,0.02907619968317545,0.044676443809494086,0.06317170489956914,0.08227362404804398,0.09878098586360759,0.10942885462458764,0.1119433442023092,0.10583432043319359,0.09254711001264782,0.07491115518110454,0.05617073769418464,0.039046352405734584,0.02518133244482707,0.01507720849521965,0.008387230771029616,0.004337892392206574,0.002087394945916591,0.0009351809100878415,0.00039034434576456736,0.00015189881502921732,0.00005514488012945929,0.000018689071434134355,0.000005916799625039761,0.0000017509960519737194,4.846888175756151e-7,1.255736895085426e-7,3.046972006886004e-8,6.928622476855394e-9,1.4774290708664321e-9,2.956096817431127e-10,5.553314091790801e-11,9.801105556089122e-12,1.6261223718248766e-12,2.5377639764450314e-13,3.727623480329841e-14,5.156524312588906e-15,6.721809342577076e-16,8.261857654035416e-17,9.580504464277441e-18,1.0487534873558941e-18,1.0843920663765414e-19,1.0596902087019545e-20,9.792670325322484e-22,8.56262763898054e-23,7.088001350521081e-24,5.557142904864319e-25,4.1299290538087973e-26,2.902289626161334e-27,1.9631639359109025e-28,1.2548899667118983e-29,6.806098377345366e-31,4.3192420744645156e-32,3.688578032642861e-33,1.6631772404821534e-33,3.161055611608198e-34,2.82606938953649e-35,1.0083332602952538e-34,5.322970316712403e-37,4.329639060399894e-35,1.6382896244804535e-35,2.9484998584523416e-35,2.310178346123027e-37,1.5383370012454898e-36,9.956098622919262e-36,1.2904260290827106e-35,3.210444964536027e-35,7.562483204186107e-35,9.72898041882366e-35,4.364288134319542e-35,1.2442598560457151e-34,4.073733150378121e-34,2.5828474096428617e-34,3.8709461748910374e-35,3.5160616425671223e-34,4.2897973769195823e-35,1.0088700386522988e-34,3.8668195524686235e-34,9.476895782436784e-35,1.4544546142595957e-35,1.900751994616361e-33,1.5455661173916534e-35,8.753317719716889e-35,2.0227420234200057e-34,9.649996495932897e-34,1.0247482517227287e-33,1.2582843515756313e-35,1.053330246114759e-35,5.779536840528779e-35,1.0606964372885986e-34,1.2031040084170763e-34,1.3645013689520868e-33,1.7552665355529517e-33,6.494027660977318e-36,4.081286419647188e-36,2.343204644665158e-36,7.885624084417332e-36,3.1365311030839394e-36,7.216146420466941e-37,3.653060611376381e-37]}