{"time":500,"averageX":53.005837608663434,"diaspora":3.577327804159791,"propabilities":[1.2396587761851137e-33,1.0778130663586774e-36,4.071102158453825e-33,3.6323638208346606e-33,9.708181278943406e-34,3.973342521863685e-34,6.223484403383972e-33,1.2043648308592842e-32,6.548809855149645e-33,1.3129917043331295e-33,7.973027463227011e-33,4.3083113015846033e-32,4.597698813228538e-31,1.195237848083037e-29,2.650437698704024e-28,5.825251454394979e-27,1.1782112567089304e-25,2.2135361029734195e-24,3.8636235707962464e-23,6.2540578437450685e-22,9.378257373592703e-21,1.3016073401344666e-19,1.6705756298786854e-18,1.9812507586899e-17,2.1696913377029092e-16,2.1926877566694546e-15,2.0438401987984247e-14,1.756361322951526e-13,1.3909635481400719e-12,1.0148957995743902e-11,6.82069144997288e-11,4.221437434619494e-10,2.405831510690757e-9,1.2624460227840713e-8,6.099481692916726e-8,2.713396222494868e-7,0.0000011114691701312182,0.000004192602484184733,0.000014565419584209992,0.00004660985848276866,0.0001374107310189447,0.00037327874986366416,0.0009345560912282288,0.0021569193029120194,0.004590100571864071,0.009009058620761741,0.016312474879666285,0.027256027771643876,0.042036917399919,0.059862110539754355,0.07873303344903335,0.09567095166163495,0.10743825275692559,0.11154090818901535,0.10709012842993726,0.09511548618369298,0.07817877831081702,0.05948596187529083,0.041916298975461744,0.027362251667233498,0.01655318618411313,0.009284006150578138,0.004829245654756752,0.00233067699080281,0.0010440361352865826,0.0004342644532350932,0.00016779381911681248,0.00006025057163520105,0.000020113773401061657,0.000006245393224558299,0.0000018044698646671577,4.853510085734739e-7,1.2158349886631916e-7,2.8379501912903066e-8,6.175163336109567e-9,1.2531725085131467e-9,2.3730134926418357e-10,4.194958780048532e-11,6.926398436616381e-12,1.068701800144726e-12,1.541681727472457e-13,2.080389040149808e-14,2.6274302178914065e-15,3.107293614268075e-16,3.442927914969451e-17,3.576023672963443e-18,3.4836493035683093e-19,3.184683095010934e-20,2.7336002445677988e-21,2.204356280336974e-22,1.670956275607603e-23,1.1911475461928735e-24,7.990939859986261e-26,5.061898318124538e-27,3.0115613822720314e-28,1.6379527662595156e-29,9.770081630285617e-31,6.86962193416765e-32,2.029663633784177e-33,1.009116580418991e-32,2.606027648554066e-33,6.093094670862266e-34,7.031520785008956e-34,2.6180158183981564e-34,7.312147922292892e-35,1.6535047036437117e-34,6.922273513120469e-36,1.3486687093731503e-35,2.677192611089756e-36,4.416398238810814e-36,2.979338574546863e-36,1.5314693243429308e-37,1.2391563852193974e-37,6.623877532224204e-37,1.2279104923346741e-36,4.968870768942767e-36,1.0301279581238821e-35,1.7988288777994915e-35,1.7941105432093832e-35,4.5246546951982383e-35,1.123301991614229e-34,2.157503707176349e-34,1.0545722792221883e-34,7.222417650262187e-35,1.9753496652361206e-34,4.7581001468444704e-35,1.92236183100024e-33,2.6512097330499886e-35,3.528320595918188e-34,2.2542094670475535e-35,8.593503956710862e-34,7.74715193347044e-35,9.134119724077718e-34,2.8375245742089104e-34,2.8012433298720194e-33,2.6080517732679607e-34,6.397777470940974e-35,1.088366990923308e-34,8.063092183469865e-35,4.018299461015737e-35,1.6997589074821047e-35,2.6568558037592994e-34,5.516968926147238e-34,9.136770797302508e-36,1.5693920424609366e-35,1.1294443353490297e-35,6.634104059240258e-36,9.259518884498612e-37,3.1456701410887835e-36,7.737803029503694e-37]}