{"time":800,"averageX":56.040477545963725,"diaspora":3.568532651511842,"propabilities":[7.579340230620731e-34,1.3220808499604114e-39,3.764595174339011e-33,7.449526342988137e-34,1.93030780588698e-33,5.468382744166976e-33,5.5681096608124034e-33,1.7249151295064424e-33,6.95630928430278e-33,4.974254235932083e-33,4.7531221543459085e-33,7.785742849613809e-33,1.1556950111394304e-32,3.4078736229896237e-32,5.724219308508901e-33,3.869832511305216e-33,6.255484367194773e-32,4.029237132875994e-30,1.1273551593379727e-28,2.8857623355700128e-27,6.638299857049838e-26,1.4318156332792531e-24,2.8742978953565996e-23,5.354645738557107e-22,9.227518835541182e-21,1.4665001806874332e-19,2.1432817107136823e-18,2.873200366856599e-17,3.525267596715323e-16,3.951660908693233e-15,4.0413285397715733e-14,3.766917431809265e-13,3.1979834946501885e-12,2.471934605473267e-11,1.7394940571233976e-10,1.1145041973321795e-9,6.503336790272105e-9,3.457558132822108e-8,1.675757071926064e-7,7.408429765943083e-7,0.000002989555074603393,0.000011019532339266199,0.00003712959876231775,0.00011444869457950597,0.0003229781059503973,0.0008351173918036112,0.001980044889184499,0.004308193648478163,0.00860885302045586,0.015810998933655007,0.026709612234372567,0.041533293570464036,0.05949324972177141,0.07855959913591141,0.09569836391717189,0.10761993384895358,0.1118070314132903,0.10738288909450044,0.09540878345558262,0.07847353929368397,0.05979031249861656,0.04222787366017831,0.027663922165812413,0.01682121023335075,0.009499705001767474,0.004985981932965212,0.0024336343425778854,0.0011053467673894674,0.00046746949867786645,0.00018420056442709835,0.00006766773622018913,0.00002318964928929696,0.000007418160808847665,0.0000022164323190206385,6.189200263319214e-7,1.6162226136737104e-7,3.9492833806249884e-8,9.035432880243903e-9,1.9366692656782703e-9,3.89134106349706e-10,7.334005319820382e-11,1.2973023820446382e-11,2.155055673823195e-12,3.36396510448918e-13,4.937166729577201e-14,6.817014277937929e-15,8.860467019708255e-16,1.0847258934499669e-16,1.2515217754024227e-17,1.3616481122625258e-18,1.397820799291175e-19,1.3547186392230802e-20,1.2402480847924925e-21,1.0732101461975613e-22,8.782105304989873e-24,6.799652943276873e-25,4.9862677146520713e-26,3.4587688126292394e-27,2.285850578489232e-28,1.3397221610916356e-29,7.805268325204604e-31,5.828945762881903e-32,5.767829896394095e-33,3.5860905757855817e-34,1.9326704440276133e-34,6.319675315600017e-34,1.8991959567588524e-34,4.6319556335068815e-35,4.5978486155031344e-37,1.988463305176864e-35,2.3627620286478095e-35,9.705687603362385e-36,1.1342433432923355e-36,8.853371102086035e-37,6.896838119575547e-36,1.3909558504687697e-35,2.771556951515179e-35,5.790086443765686e-35,8.997081968156162e-35,9.9282412064168e-35,7.051738001076893e-35,2.322629449822862e-34,3.1682799210821655e-34,8.062975828280303e-35,4.721469350597692e-34,3.015776416636378e-35,3.0105860215952504e-34,6.068594511866901e-34,5.066428652050865e-35,1.7673139251199131e-35,8.730767085838484e-34,1.0616023577973627e-35,7.519298466020656e-34,8.073801334755059e-35,2.326091465836567e-34,9.8808547476456e-34,2.88255837266633e-35,1.5425455972767524e-35,1.0637438125821158e-34,4.039981997661628e-34,1.2152259897839205e-34,1.2289160973057917e-33,1.8060095149956416e-33,3.216945973792984e-36,1.1700306639021166e-35,1.325603412760361e-35,9.94997783942489e-37,4.8008529653881644e-37,2.0938177420714487e-37,1.1791434020549262e-38]}