{"time":600,"averageX":54.04770635196879,"diaspora":3.5800570137293195,"propabilities":[3.812882174321301e-34,7.40328796712447e-37,6.986680138968317e-33,1.7432488184454205e-33,1.3540799403211134e-33,1.3607009234426948e-34,1.5251702502395215e-32,1.8240257479607324e-32,5.037067691422584e-33,5.1415921614763155e-34,7.042356294645308e-33,8.854458864004476e-33,1.0377548345243485e-31,9.688650823304627e-32,4.598294679163766e-30,1.0799188361878043e-28,2.413526251954027e-27,5.1127754789033046e-26,1.0006638138887526e-24,1.8205070883637062e-23,3.076129704784187e-22,4.81888738681301e-21,6.988756449440342e-20,9.371493322784528e-19,1.160541161303926e-17,1.3258588357817996e-16,1.3961034637190095e-15,1.3538690792854603e-14,1.2083279847745948e-13,9.919855136644887e-13,7.487748051789984e-12,5.19495534281641e-11,3.3120644588960103e-10,1.9401804355606318e-9,1.0442060995466372e-8,5.1634029206259865e-8,2.3459747298956608e-7,9.794980355188073e-7,0.000003758829664958801,0.000013260632150841058,0.000043017710555726005,0.00012835830276681452,0.00035239329077822637,0.0008904330986077525,0.0020715535926022245,0.004438850174303356,0.008763718780238277,0.015948481017744005,0.026763127795510096,0.04143034511324143,0.05918956668560122,0.07807291106008563,0.09511969075566419,0.107088757726108,0.11145803515294775,0.10729155710617601,0.09556543278163394,0.07879768313627597,0.060172953542471354,0.04257592418810444,0.0279256308813079,0.01698716905239981,0.009587883866825776,0.005023594748141649,0.0024445817602906567,0.0011053567865587765,0.00046464356411747814,0.00018166458853081086,0.00006609502032708909,0.000022388878493789703,0.000007064475922248142,0.0000020774581767836045,5.69655010190772e-7,1.4572807799988762e-7,3.479785215210011e-8,7.760103452985495e-9,1.6170303961277755e-9,3.1501837287113537e-10,5.740552376582474e-11,9.7905307341243e-12,1.5636145295096187e-12,2.339707992413372e-13,3.2820186726913726e-14,4.318252534243126e-15,5.332169459457501e-16,6.182599788533589e-17,6.7352360401718945e-18,6.89752578059644e-19,6.644115213817638e-20,6.023233745940723e-21,5.141841983550164e-22,4.1356897586439517e-23,3.1358316624690897e-24,2.242100755674413e-25,1.514744896436328e-26,9.666776346858512e-28,5.962660503698442e-29,3.3958204011517225e-30,2.2415246224247786e-31,9.092105706303304e-33,5.863755589685783e-34,2.96056793802894e-34,1.301334778495433e-34,2.5644516473447396e-34,5.412256404307054e-34,4.953577013246498e-35,5.255985776756822e-35,4.4214889262490426e-36,1.2209070059702037e-36,3.1345034996559954e-36,1.605142171060808e-36,1.323174775987402e-36,1.9339302226842685e-37,1.24602788929267e-36,2.402404054399215e-36,6.97739400746654e-36,1.7728709332960785e-35,2.8034030312643736e-35,3.653936512361613e-35,8.151458238709551e-35,1.943667967306835e-34,1.54005397516679e-34,7.641557506615304e-35,1.3109976233174907e-34,2.3291149638331056e-34,1.52665427117354e-34,1.2675352324909114e-33,7.032563837093385e-35,4.633133450472218e-34,1.3963668148908476e-34,1.9369772867087278e-33,1.2967554100819418e-35,3.834777802424922e-34,4.663391080618048e-34,1.8787572786920486e-33,5.614744360848445e-34,1.559848097792496e-35,1.947432634959617e-34,2.314787554891921e-35,2.9292720134433082e-34,1.4742486044725911e-34,4.730247393726771e-34,1.1446150080725683e-33,7.95528409016565e-36,1.8550915198698233e-35,4.8518458982165805e-36,1.9005099785043988e-36,3.938758307945739e-36,1.444481945413266e-36,3.262487079538315e-37]}