{"time":300,"averageX":51.19102675618474,"diaspora":3.558172514806632,"propabilities":[1.3369836571900813e-33,7.307620692412217e-37,6.636865855369177e-33,3.94594469124963e-33,1.7976044943316474e-33,1.738071913674343e-33,8.916278066061493e-33,1.0140001248067573e-33,8.763729847283993e-33,1.0763934999342208e-32,3.7022186255578315e-31,1.059243810274032e-29,2.5589973840059094e-28,5.52905029352851e-27,1.118170309191753e-25,2.085366488817085e-24,3.6030493115656505e-23,5.759730781671705e-22,8.514934461886484e-21,1.1637115851576564e-19,1.469793976951442e-18,1.7150828230687486e-17,1.8484989561448128e-16,1.8397569450589436e-15,1.6905321023478644e-14,1.4339526238743782e-13,1.122619325629383e-12,8.110822592138277e-12,5.407418209851807e-11,3.326400829504466e-10,1.887964665160823e-9,9.886223964152697e-9,4.776105400440319e-8,2.1287280045523626e-7,8.753284456939464e-7,0.000003320730711064173,0.000011623050033414425,0.00003753591539391088,0.00011184979199021377,0.0003075454410807235,0.0007803647014337466,0.001827392152688809,0.003949539297669789,0.00787914931963244,0.014510115423008958,0.024669714458620012,0.03872618350798052,0.056135892734473995,0.07514884860663591,0.09291856875220313,0.10612951512780829,0.11199035149871375,0.10919313428206094,0.09838800852795704,0.08193797827570456,0.06307990357260111,0.04489814123949731,0.02955075518860298,0.01798810982970831,0.01012874530403078,0.005276647558452884,0.0025437520398791306,0.0011349860912162264,0.0004688060527442486,0.0001792972931946473,0.0000635076862716462,0.000020837634933826162,0.000006334920450486092,0.0000017848805497928708,4.661876788185582e-7,1.1290374247127724e-7,2.536109928693175e-8,5.2851877253530445e-9,1.0221392137516435e-9,1.8350421428919876e-10,3.0591584148532096e-11,4.737137961113018e-12,6.816024624231615e-13,9.115806041704053e-14,1.1336016212807557e-14,1.3112483417331038e-15,1.411338636591039e-16,1.414057630595175e-17,1.3193666130247015e-18,1.1468450626029086e-19,9.291103861075081e-21,7.018550342966828e-22,4.945764814468922e-23,3.2527446151920935e-24,1.9972096925037373e-25,1.1470024351235709e-26,6.130147795239536e-28,3.0496323291696407e-29,1.2125079726809907e-30,7.787359840431306e-32,1.489293466217924e-33,6.362717390149502e-33,9.87669161007506e-34,7.025046731017677e-34,1.1011541767739376e-33,2.2737248579580074e-34,2.899533958706707e-34,4.365601414356029e-34,1.3399278904533256e-34,6.817427101901709e-35,5.793138297744767e-36,5.5388304344342245e-36,7.149612243041561e-36,2.5985793546226754e-37,1.2207439330594221e-37,1.5604708634309855e-37,9.267451571115999e-39,2.9307025642856313e-38,7.05988541816955e-39,1.318507197769356e-37,9.256687764899189e-37,3.343921248918727e-36,7.289760057546914e-36,4.254213171234721e-35,8.553098748339416e-36,8.059354572468452e-35,7.168232748803693e-35,2.0905939312733478e-34,2.7150149355127017e-34,3.47335843229267e-34,1.9289892376397245e-34,4.045189278308257e-33,1.8322557800205237e-33,2.788095729112906e-34,6.484916367974831e-35,2.1333223984173073e-33,6.208507040791818e-35,1.1720779375069721e-33,3.8428894352529656e-34,7.175770145986708e-34,3.3627385577525883e-34,9.835492999666783e-35,3.101257608348449e-35,5.56197705103315e-35,5.398819526531835e-35,3.1523396554314916e-35,1.987410075421802e-34,2.4011204063237583e-34,2.5952885994819865e-35,1.7829266408752376e-35,8.983202356980919e-37,2.1937754550187746e-36,1.011833242438817e-36,4.354522092569643e-36,6.666079278866993e-37]}