{"time":400,"averageX":52.030839028414675,"diaspora":3.5693214745242945,"propabilities":[2.5656389620788307e-34,5.678908873175977e-38,9.525649172911273e-33,1.934115914844387e-33,7.179000613590513e-34,2.8981147644200732e-33,2.1505414215937423e-33,5.649674353991622e-33,2.3328713344740338e-32,2.6728373904561934e-33,3.965266228261416e-32,5.919871619331707e-31,1.6662289494735867e-29,3.7288951931049224e-28,7.885210714076195e-27,1.5734186489391979e-25,2.9139540054278303e-24,5.0006801916288794e-23,7.949555797196082e-22,1.1697868282137781e-20,1.5923591565489587e-19,2.004048745970712e-18,2.3307199912656654e-17,2.5037682035307306e-16,2.483427773202706e-15,2.2736102617967993e-14,1.9207131683779164e-13,1.496876250417195e-12,1.075968799957124e-11,7.132382842469237e-11,4.359508890543593e-10,2.4568005736720023e-9,1.276458210606815e-8,6.114133615695635e-8,2.6999355038078875e-7,0.0000010991848799707865,0.000004125770407982191,0.00001427850869574029,0.000045565731794334184,0.00013409505892190485,0.000363960057456514,0.0009112018951695944,0.002104525478977923,0.004484727769288009,0.00881918526660368,0.01600676909077777,0.026818716693649654,0.04148693456749941,0.05926621134193709,0.07820097960882626,0.09532709664521412,0.10737735726537018,0.11178853786562362,0.10758929910699469,0.09574808112383021,0.07881069781653115,0.06001256599390058,0.04228749425953736,0.02758088778482401,0.01665512571871963,0.009314315145795808,0.004825478694068562,0.002316555450629924,0.0010308310642471313,0.00042531222297081115,0.00016275725002464994,0.00005778631962027987,0.000019041698172298884,0.000005825453248818645,0.0000016551921324457605,4.3693502965605917e-7,1.0719983411328764e-7,2.445362183403627e-8,5.188372765684499e-9,1.024304809375036e-9,1.8824029174224758e-10,3.221519126922736e-11,5.1363802089167e-12,7.6329014012315e-13,1.0576696296020053e-13,1.3672069895069569e-14,1.649462285593779e-15,1.8581399651385359e-16,1.9554662387325934e-17,1.9234017235142694e-18,1.7691028446433397e-19,1.5223629253410122e-20,1.2262844046125337e-21,9.25090697630457e-23,6.539931056683499e-24,4.333586336193637e-25,2.6940859816536546e-26,1.572720459314433e-27,8.772443803559551e-29,4.4787725350541875e-30,2.8712159957744123e-31,1.290050830389763e-32,1.4247730778412126e-33,1.177654992377376e-33,3.8861585812116814e-33,6.763219483802152e-35,2.9315421581106714e-34,2.5356788860282364e-34,1.7144522459966168e-34,1.242848961042808e-34,1.1865221581708434e-35,7.877816919164539e-36,6.307877586713712e-37,2.1129382437628497e-36,6.784112390643666e-38,3.7416938056393402e-37,5.442126391380337e-38,3.822420884910175e-38,1.4181190281824113e-37,5.7054209086183444e-37,2.747899794012491e-36,6.099445766516041e-36,1.0984747298094499e-35,4.374895246718982e-35,2.105090719155942e-35,6.345901639493211e-35,1.5671932490519128e-34,2.1272898344342535e-34,1.1475373376622257e-35,1.841608553261432e-34,1.981565909436855e-34,1.6287753115308485e-33,1.4554300744563384e-33,1.500048109779404e-35,7.169177712852623e-35,2.1140267309728955e-33,1.7927550465744545e-34,3.595058853239365e-35,8.998829974787072e-35,1.6678096288535012e-33,3.0477995476623433e-34,8.628067811728822e-35,2.948482872177551e-35,1.160363290674405e-34,3.6078365962835313e-35,1.0828896272710953e-36,2.6140358161455166e-34,2.594015299750372e-34,2.2591069271695566e-35,1.3020063504557875e-35,8.075311157104569e-36,5.148722208696148e-37,8.02870776497948e-36,1.7616570762099687e-36,1.659487376139374e-38]}