{"time":0,"averageX":50,"diaspora":3.5355339059325446,"propabilities":[3.822116529208997e-45,2.2017633024955813e-43,1.0634141767697017e-41,4.7683645071599515e-40,1.9660587100596757e-38,7.490991164719893e-37,2.634411372169757e-35,8.551320047413162e-34,2.5623324862171314e-32,7.0875157068380625e-31,1.809706664947649e-29,4.2655864444430805e-28,9.281235017943632e-27,1.8641859317709126e-25,3.456440748913511e-24,5.915962954175645e-23,9.34712856026655e-22,1.3632874213357693e-20,1.8354944708473929e-19,2.281262045575612e-18,2.6173012393022186e-17,2.771971036159368e-16,2.7100674924852514e-15,2.4458395703962908e-14,2.037662573377233e-13,1.5670866531017417e-12,1.1125260689810793e-11,7.290945002381944e-11,4.4107646946835756e-10,2.4632040986683765e-9,1.2698234671866642e-8,6.042862893222505e-8,2.654596844716557e-7,0.0000010764921036680547,0.000004029763553323519,0.000013925305194674701,0.000044420794420565957,0.00013080500497232627,0.00035556486808777267,0.0008922155064916154,0.0020666985354091845,0.004419172333201104,0.008722905863394515,0.01589417076772782,0.026734434700353846,0.0415107497420593,0.05949857862574675,0.07872434317142873,0.09615412988393125,0.10841347871048583,0.11283791670955173,0.1084134787104862,0.09615412988393139,0.07872434317142814,0.05949857862574692,0.04151074974205944,0.02673443470035384,0.01589417076772772,0.008722905863394578,0.004419172333201084,0.0020666985354092127,0.0008922155064916118,0.00035556486808777636,0.00013080500497232925,0.0000444207944205672,0.000013925305194674945,0.000004029763553323589,0.0000010764921036680323,2.654596844717004e-7,6.042862893221871e-8,1.2698234671868693e-8,2.463204098667494e-9,4.410764694683781e-10,7.29094500238263e-11,1.1125260689804292e-11,1.567086653098698e-12,2.0376625733787542e-13,2.445839570379954e-14,2.710067492471771e-15,2.771971036152362e-16,2.6173012392087377e-17,2.2812620455903513e-18,1.8354944703520634e-19,1.363287422316746e-20,9.34712856102549e-22,5.915962987407778e-23,3.456440743780823e-24,1.8641859732079357e-25,9.281235777743285e-27,4.265585615946523e-28,1.809706158295691e-29,7.087504118229097e-31,2.562355452724632e-32,8.55145441928108e-34,2.634634827430436e-35,7.488289592907825e-37,1.9656194035501327e-38,4.7037547327722125e-40,1.0354346841321792e-41,3.024127054949762e-43,8.638253452992181e-46,2.7229376477116816e-46,1.0687034126851063e-47,5.394597124944947e-47,7.949847384403972e-49,1.932968342589352e-47,9.132263239217612e-48,4.837231154865256e-49,5.2962284179101975e-48,2.7965087152596633e-49,2.4603068148662757e-50,8.924047016421626e-50,3.56384592001587e-50,1.3419588329411215e-50,1.9167982731960272e-50,1.4602787284943513e-50,3.3729877290113785e-51,2.25409224146383e-52,1.5173580652458988e-53,4.417771354369439e-53,2.571486214761386e-54,1.9102564966406144e-52,2.4544606932302288e-54,7.375765301974e-56,1.5944167644481952e-54,1.437650353324076e-54,1.583511070793013e-55,1.8245682555530146e-55,3.046253902055028e-57,1.3342940894699777e-55,1.0042013758063703e-56,1.8170401950810436e-56,6.506900104521495e-57,1.8006020373013634e-56,1.229224705749602e-55,2.3597525810233787e-55,2.7288023816141816e-55,4.050304647896262e-55,8.534270508142239e-60,3.201663668749153e-57,1.9811777610011222e-54,1.0351382089665433e-53,2.3065417428401237e-54,6.3688095237153265e-55,2.8890750046647362e-53,4.752872905648314e-53,2.1100677606889867e-52,1.7805077231695588e-51,3.317257371354382e-51,5.031324053921192e-51]}