{"time":700,"averageX":55.08344365859589,"diaspora":3.5768166993068484,"propabilities":[1.3775937889428547e-33,9.811218350134301e-38,1.9222184715780618e-33,3.327302637847543e-33,2.3047531746361362e-33,2.994973159608371e-33,4.8852320127512697e-33,5.594422261579213e-34,7.735104398987292e-34,2.0626288189947526e-33,4.7849163178614785e-33,6.1007793110249245e-33,5.076750820875774e-32,1.474416935675495e-33,2.1808113329779738e-32,8.44770814274352e-31,2.7934022972606185e-29,6.315696731914089e-28,1.4253205959669968e-26,2.9834786180483892e-25,5.8163108256610494e-24,1.0543877709594638e-22,1.7729983818995134e-21,2.7597847703484875e-20,3.9687901078811664e-19,5.263549837128815e-18,6.427459003722383e-17,7.216588930550648e-16,7.441174784871173e-15,7.039554117939074e-14,6.105331580190086e-13,4.851585970392205e-12,3.530978077801254e-11,2.353088296866362e-10,1.435717383497888e-9,8.020388092624124e-9,4.1027084154867885e-8,1.9221443433214172e-7,8.250200793050368e-7,0.000003245306443145561,0.000011703903472761336,0.000038714915368877955,0.00011751717384326867,0.0003275019767979845,0.0008383763726537016,0.001972452037556677,0.004267280620180394,0.008493998741610312,0.015564355950715321,0.02626950015358693,0.04086196006090294,0.05861100315882652,0.07756716990341515,0.09476805232149349,0.10694918751434254,0.11155027478620189,0.10759379294295901,0.09602242544939842,0.07933633369671032,0.06071980700163395,0.043071694276078404,0.028333559334841163,0.017294262426388932,0.00980028513575745,0.005158876569014457,0.002524034976370052,0.0011484274604643535,0.00048621021372881725,0.00019164675809672392,0.0000703688800810023,0.000024082788672394923,0.000007686444033976643,0.0000022891946069520584,6.365388637564076e-7,1.6534800246362593e-7,4.0146906737664806e-8,9.116582292809186e-9,1.9372559069041696e-9,3.8544767626627913e-10,7.184826110971713e-11,1.2554189908460828e-11,2.0574638398205363e-12,3.1644374325632696e-13,4.570160535152124e-14,6.2013605882426965e-15,7.910666197940933e-16,9.49204061955917e-17,1.071954427367695e-17,1.1400210300057638e-18,1.1424005110038741e-19,1.0793005501654864e-20,9.619069874707395e-22,8.091650082667056e-23,6.42853568305294e-24,4.8259854789639925e-25,3.424428357934871e-26,2.292832801829157e-27,1.4659279581336758e-28,8.771956572711702e-30,5.573101036569485e-31,1.994502269164725e-32,1.9225463672589014e-34,1.4797957581824347e-33,2.955149685967448e-34,5.744677819551734e-34,2.815586278568213e-34,6.061626482601192e-36,7.050127219167396e-35,5.424455831751865e-38,4.354172816150167e-36,1.3247131147961555e-35,8.016062004508699e-37,7.366934839870479e-37,9.309583766890087e-37,4.617666822478225e-36,1.0259389267123611e-35,2.50049538386558e-35,4.0209252224160943e-35,7.106691001270627e-35,1.167999186989757e-34,1.3216501507225807e-34,1.0604741953030817e-34,2.184010247333565e-34,1.6921269687364708e-34,3.320286848062096e-34,1.4928023773280453e-34,1.7654714661209213e-34,4.961633629127423e-34,2.3787686907145342e-34,1.2659278224233687e-34,2.3072529850039602e-33,1.9642139096582517e-35,8.13504195657363e-37,2.4400572672338806e-34,2.0771269456613795e-33,5.6493518225626065e-34,1.2554368261748177e-35,1.2665238609780656e-34,7.316515504039909e-35,4.7230299592924186e-34,3.861994416728088e-34,9.992864155899756e-34,1.2508669281648613e-33,9.412058281601127e-36,8.689003229183e-36,6.512623157188484e-36,8.680831382830676e-36,3.548018779021117e-36,1.163261261837843e-36,1.3179985487826256e-37]}