{"time":100,"averageX":50.13874151066782,"diaspora":3.5385870155910424,"propabilities":[6.679235729159416e-34,3.173426298402383e-37,3.132703992975967e-33,2.0636163518320683e-33,1.740665722921973e-33,2.108253847453563e-33,5.364515305423567e-33,1.4226452746436097e-32,1.709824198315601e-32,4.994122020734865e-31,1.1504293972022615e-29,2.8396540100451487e-28,6.226591737702535e-27,1.2594488320088057e-25,2.357618705073642e-24,4.0743757595937453e-23,6.502232907090441e-22,9.58095618831011e-21,1.3034499278916068e-19,1.6371992306050905e-18,1.898526103192926e-17,2.032481344784581e-16,2.0087239396893404e-15,1.832685199322397e-14,1.5435511864561535e-13,1.200086728439435e-12,8.613045041377621e-12,5.706218773162057e-11,3.4896658527958997e-10,1.9699718110903076e-9,1.0265373895461432e-8,4.937723232694403e-8,2.1923770710302048e-7,8.985459214019769e-7,0.000003399401081424593,0.00001187142340087635,0.00003826864725831921,0.0001138742477894105,0.0003127898486132816,0.0007930992774485268,0.0018563236687417482,0.004010836444799608,0.007999733870048313,0.014729230491417068,0.025035337835875093,0.03928267232096508,0.0569021127957228,0.07609244280117847,0.09393917253693196,0.1070657703388672,0.11265753899735105,0.10944171973215122,0.09815813324079739,0.08128276604373837,0.06214524653084038,0.04386957939865977,0.02859396740337608,0.017208795556009113,0.009563168882667552,0.0049072608169162014,0.002325271199080276,0.0010174591431673914,0.0004111322655099413,0.0001534194070378341,0.000052872128159506084,0.000016828109679942986,0.0000049467614734273655,0.0000013430727464565568,3.368121262765313e-7,7.801948951912399e-8,1.66941474400887e-8,3.2998235594702967e-9,6.025640304286546e-10,1.016537820477409e-10,1.5844364755442074e-11,2.2818205761523902e-12,3.036472652505436e-13,3.73392706356095e-14,4.243261856303131e-15,4.456583761667713e-16,4.326184815148802e-17,3.881890595111315e-18,3.2199804306119443e-19,2.469295209375271e-20,1.7508360279681057e-21,1.1479012089349183e-22,6.960312798750313e-24,3.9025613298144097e-25,2.0263619538044518e-26,9.738926893516039e-28,4.187805225981916e-29,1.775586360200088e-30,7.575469231842855e-32,1.2193296389913076e-32,5.254044396782336e-34,4.155164801609579e-33,2.7496823452841138e-33,1.0720143616060062e-33,1.5296134994911416e-33,3.8481558748977405e-33,2.846887145275619e-33,1.652857087383471e-34,2.4762359287309654e-34,6.761270097278531e-36,3.169914715131126e-35,8.307052500401266e-36,8.758644275293158e-37,1.8896949197092193e-37,2.1825712603958627e-38,2.4903682553969525e-38,1.2441539061778281e-37,2.2480086623283445e-38,4.3683027014869396e-39,2.8671056299672178e-39,9.096542384146591e-40,2.008843758864748e-39,8.472868542839845e-38,1.2533460521292787e-36,7.0099222219205226e-37,3.911081237770744e-36,3.99187789419414e-35,1.0008543786932627e-35,2.6870597826044236e-35,1.0239363909083498e-34,3.414571844184334e-34,2.434435179023109e-35,7.350656067449715e-34,2.2344673454793337e-33,3.298246389562267e-34,3.715881582676895e-35,1.1076999406310023e-34,1.1516980675028502e-35,7.590035110604841e-34,3.7678074843279856e-34,3.4330224037612986e-34,1.0146558583341538e-35,3.5948899596763197e-35,3.577447909375166e-36,1.1553226271723726e-36,1.2602007110029074e-36,2.1664820919043686e-35,6.264026176462058e-35,1.1865872914609136e-34,7.180116435285987e-36,3.99761189082712e-36,3.3050265528378816e-36,2.0473181433842888e-36,2.431794450537671e-36,1.0902879127278125e-36,8.506858918776799e-37]}