{"time":200,"averageX":50.54524471040771,"diaspora":3.54689865880412,"propabilities":[2.4943758749316303e-34,3.6192658520843974e-37,2.2887269676788183e-33,2.7043146694989668e-33,3.949029731102366e-33,7.531977804295052e-34,4.661392374921869e-33,1.0379102219655285e-32,6.75846670147485e-33,1.8136886085701049e-31,3.630697078930142e-30,8.285795640943632e-29,1.8567730655556236e-27,3.895801632730939e-26,7.49322325630022e-25,1.333582600962021e-23,2.192584011841715e-22,3.3311362039734766e-21,4.6754238040734025e-20,6.06147573699331e-19,7.257738447346853e-18,8.024848946861153e-17,8.192909858056725e-16,7.722616648708837e-15,6.720175626061938e-14,5.39829558435712e-13,4.002832524997985e-12,2.739631439840069e-11,1.7306694480893616e-10,1.0090679599995108e-9,5.430020771448663e-9,2.6968140208568955e-8,1.2361338537608478e-7,5.229308371340822e-7,0.000002041686175798445,0.0000073570504483484745,0.00002446778428892151,0.00007510517143516005,0.00021278416070706152,0.0005564353277139121,0.0013431030711791789,0.002992526941523328,0.006154845522643287,0.01168595671422261,0.02048322875094173,0.033146667332073054,0.049523368916770824,0.06831752531373472,0.08702212937100855,0.10235949518995982,0.11118695877079503,0.11154099741324303,0.10334728570660405,0.0884459005131697,0.069920084048873,0.05106280306623369,0.03445245068021492,0.021477517945311775,0.012371826856243663,0.006585795053605887,0.00324002050287098,0.0014733121140034903,0.0006192889667937088,0.00024065205307363433,0.00008646324830380436,0.000028725627200479805,0.000008825838953606473,0.000002508105924985302,6.593204487301684e-7,1.6034966367401066e-7,3.608470961295996e-8,7.514979040264889e-9,1.4486068778745493e-9,2.585017976976607e-10,4.2711248593440604e-11,6.535301602771163e-12,9.262246752288555e-13,1.2161327948663978e-13,1.4796201162609735e-14,1.6684719658355004e-15,1.7441600473402316e-16,1.690660320667272e-17,1.519979185623204e-18,1.267780278728988e-19,9.812796089969795e-21,7.050433697831914e-22,4.703547383580689e-23,2.9148629685807998e-24,1.6787987303843604e-25,8.973672674409571e-27,4.493117563816347e-28,2.0154575020140663e-29,7.925775076556257e-31,5.3193138394588254e-33,4.368536931565903e-33,2.8357035838685933e-33,1.017206251169534e-33,1.4891036339836358e-33,1.948491389913718e-33,7.216853869543561e-35,4.4046751044357166e-35,3.594291020993313e-34,4.2757264618127574e-35,4.89712598687643e-35,5.475911038687831e-36,1.6288343049075892e-35,4.04561550273305e-36,5.355584863568684e-37,5.786400171069945e-38,2.4941081519047367e-38,2.7567421263756963e-38,4.229656346760565e-38,1.608343662523898e-38,7.135014448622065e-40,1.4097355686008126e-38,1.2214331642090916e-37,1.0568912017357928e-36,4.2866404938152315e-36,1.2887370128056267e-35,7.51645663715677e-36,4.540448564557328e-35,3.114916932512131e-35,1.145942300921354e-34,4.051023076837612e-34,4.53892902000591e-34,3.205531635006621e-35,4.125869206396225e-33,1.1508098383369345e-33,6.466110503561038e-34,5.966160196524957e-35,1.0359783047505543e-33,5.7051142731240994e-36,5.64372642477094e-34,7.186575384367199e-34,7.76170637096596e-34,1.04462034212562e-34,8.262929047969734e-35,2.66913531033979e-35,8.53745217599941e-36,1.838887619368327e-35,4.692993635023297e-35,1.545168117755301e-34,2.8619686743236423e-34,3.164152889519274e-35,3.6756633304286134e-36,4.8305646443922665e-36,2.7185530295600813e-38,2.9540531225400303e-36,8.306347364598013e-37,2.0719788249082486e-37]}